Number of Elements (n)	 Time (sec) 
10	1.4e-06
100	1.8e-06
1000	8.5e-06
10000	7.16e-05
100000	0.0006642
1000000	0.0073564
10000000	0.0660289
